"0","base_tp2 <- base_tp2 %>%"
"0","  expss::apply_labels("
"0","    sexe = ""Sexe"","
"0","    sit_mat = ""Situation maritale"","
"0","    si_chef_men = ""Statut dans le ménage"","
"0","    ethnie = ""Ethnie"","
"0","    occupation = ""Occupation"","
"0","    formation = ""Formation"","
"0","    niveau_alphabs = ""Niveau d'alphabétisation"","
"0","    types_varietes = ""Quelles sont les variétés que vous utiliser pour la production de sésame"","
"0","    criteres_var = ""Quelles sontles critèresde choix des variétés de sésame?"","
"0","    criteres_var_1 = ""Critère rendement élevé"","
"0","    criteres_var_2 = ""Critère taille des grains"","
"0","    criteres_var_3 = ""Critère résistance aux maladies/ravageurs"","
"0","    criteres_var_4 = ""Critère tolérance aux sécheresses"","
"0","    criteres_var_5 = ""Critère tolérance aux inondations"","
"0","    criteres_var_6 = ""Critère faible charge de travail"","
"0","    criteres_var_7 = ""Critère faible quantité d'intrants"","
"0","    criteres_var_8 = ""Critère facile à transformer"","
"0","    criteres_var_9 = ""Critère haute teneur en huile"","
"0","    criteres_var_10 = ""Critère haut rendement après transformation"","
"0","    criteres_var_11 = ""Critère demande sur le marché"","
"0","    criteres_var_12 = ""Critère bon goût"","
"0","    criteres_var_13 = ""Critère belle couleur"","
"0","    criteres_var_14 = ""Critère haut rendement en fourrages"","
"0","    criteres_var_15 = ""Critère qualité du fourrage"","
"0","    criteres_var_16 = ""Critère autre à préciser"""
"0","  )"
