"0","library(ggplot2)"
"0",""
"0","univarié_graphique<- function(variable, type_graphique = ""barres"") {"
"0","  # Calculer la fréquence absolue"
"0","  freq_absolue <- table(variable)"
"0","  "
"0","  # Calculer la fréquence relative avec deux chiffres après la virgule"
"0","  freq_relative <- prop.table(freq_absolue)"
"0","  "
"0","  # Créer un dataframe à partir des fréquences absolues et relatives"
"0","  df <- data.frame(Modalité = as.character(names(freq_absolue)),"
"0","                   Fréquence_Absolue = as.vector(freq_absolue),"
"0","                   Fréquence_Relative = as.vector(freq_relative))"
"0","  "
"0","  # Créer le graphique en barres avec des couleurs variées"
"0","  if (type_graphique == ""barres"") {"
"0","    ggplot(df, aes(x = Modalité, y = Fréquence_Absolue, fill = Modalité)) +"
"0","      geom_bar(stat = ""identity"") +"
"0","      labs(title = ""Graphique en Barres"", x = ""Modalité"", y = ""Fréquence Absolue"") +"
"0","      theme_minimal() +"
"0","      scale_fill_hue(name = ""Modalité"")"
"0","  } else if (type_graphique == ""cercle"") {"
"0","    # Créer le graphique circulaire avec des couleurs variées"
"0","    ggplot(df, aes(x = """", y = Fréquence_Relative, fill = Modalité)) +"
"0","      geom_bar(stat = ""identity"", width = 1) +"
"0","      coord_polar(""y"", start = 0) +"
"0","      labs(title = ""Graphique Circulaire"", fill = ""Modalité"") +"
"0","      theme_minimal() +"
"0","      theme(axis.title.x=element_blank(),"
"0","            axis.text.x=element_blank(),"
"0","            axis.ticks.x=element_blank()) +"
"0","      scale_fill_hue(name = ""Modalité"")"
"0","  } else {"
"0","    cat(""Type de graphique non reconnu. Veuillez spécifier 'barres' ou 'cercle'."")"
"0","  }"
"0","}"
"0",""
