"0","univarie_1 <- function(variable, base_de_donnees = """") {"
"0","  # Calculer la fréquence absolue"
"0","  freq_absolue <- table(variable)"
"0","  "
"0","  # Calculer la fréquence relative avec deux chiffres après la virgule"
"0","  freq_relative <- round(prop.table(freq_absolue), 2)"
"0","  "
"0","  # Créer le tableau de distribution"
"0","  tableau <- data.frame(Modalités = as.character(names(freq_absolue)),"
"0","                        Effectif = as.vector(freq_absolue),"
"0","                        Fréquence = as.vector(freq_relative))"
"0","  "
"0","  # Calculer le total des fréquences absolues"
"0","  total_freq_absolue <- sum(freq_absolue)"
"0","  "
"0","  # Ajouter la ligne du total"
"0","  total_row <- c(""Total"", total_freq_absolue, 1)"
"0","  tableau <- rbind(tableau, total_row)"
"0","  "
"0","  # Afficher le tableau de distribution avec knitr::kable()"
"0","  print(knitr::kable(tableau, format = ""markdown"", align = ""c""), row.names = FALSE)"
"0","}"
"0",""
