{"chunk_definitions":[{"row":133,"row_count":1,"visible":true,"expansion_state":0,"options":{"engine":"r","label":"unnamed-chunk-32","dev":"png"},"document_id":"4204D7AF","chunk_id":"chqxjjeulgihc","chunk_label":"unnamed-chunk-9"},{"row":178,"row_count":1,"visible":true,"expansion_state":0,"options":{"engine":"r","label":"unnamed-chunk-34","dev":"png"},"document_id":"4204D7AF","chunk_id":"ciy1m1g3p4cq4","chunk_label":"unnamed-chunk-10"},{"row":338,"row_count":1,"visible":true,"expansion_state":0,"options":{"engine":"r","label":"unnamed-chunk-36","dev":"png"},"document_id":"4204D7AF","chunk_id":"c16kt3gzxevcv","chunk_label":"unnamed-chunk-16"}],"doc_write_time":1712510043,"chunk_rendered_width":593}