"0","  bivarie <- function(data, var1, var2) {"
"0","  # Calculer le tableau croisé"
"0","  cross_table <- table(data[[var1]], data[[var2]])"
"0","  "
"0","  # Calculer les fréquences marginales de chaque variable"
"0","  marginal_var1 <- margin.table(cross_table, 1)"
"0","  marginal_var2 <- margin.table(cross_table, 2)"
"0","  "
"0","  # Créer un tableau croisé augmenté avec les marginales"
"0","  cross_table_with_margins <- cbind(cross_table, Total_Var1 = marginal_var1)"
"0","  cross_table_with_margins <- rbind(cross_table_with_margins, Total_Var2 = c(marginal_var2, sum(marginal_var2)))"
"0","  "
"0","  # Ajouter les noms des variables aux marginales"
"0","  rownames(cross_table_with_margins)[nrow(cross_table_with_margins)] <- ""Total"""
"0","  colnames(cross_table_with_margins)[ncol(cross_table_with_margins)] <- ""Total"""
"0","  "
"0","  # Retourner le tableau croisé avec les marginales"
"0","  return(cross_table_with_margins)"
"0","}"
"0",""
