{"chunk_definitions":[{"row":9,"row_count":1,"visible":true,"expansion_state":0,"options":{"engine":"r","label":"setup","include":false,"dev":"png"},"document_id":"FDE53B4C","chunk_id":"csetup_chunk","chunk_label":"setup"},{"row":30,"row_count":1,"visible":true,"expansion_state":0,"options":{"engine":"r","label":"unnamed-chunk-2","dev":"png"},"document_id":"4D2D7DB8","chunk_id":"c7azbr0ribv2b","chunk_label":"unnamed-chunk-2"},{"row":53,"row_count":1,"visible":true,"expansion_state":0,"options":{"engine":"r","label":"unnamed-chunk-4","dev":"png"},"document_id":"4D2D7DB8","chunk_id":"c1ncb0tcd2pkz","chunk_label":"unnamed-chunk-4"},{"row":66,"row_count":1,"visible":true,"expansion_state":0,"options":{"engine":"r","label":"unnamed-chunk-5","dev":"png"},"document_id":"4D2D7DB8","chunk_id":"c8970uagdvfdz","chunk_label":"unnamed-chunk-5"},{"row":85,"row_count":1,"visible":true,"expansion_state":0,"options":{"engine":"r","label":"unnamed-chunk-6","dev":"png"},"document_id":"4D2D7DB8","chunk_id":"ci2veje3wk9os","chunk_label":"unnamed-chunk-6"},{"row":101,"row_count":1,"visible":true,"expansion_state":0,"options":{"engine":"r","label":"unnamed-chunk-7","dev":"png"},"document_id":"4D2D7DB8","chunk_id":"cl8g7w6n4g9t5","chunk_label":"unnamed-chunk-7"},{"row":112,"row_count":1,"visible":true,"expansion_state":0,"options":{"engine":"r","label":"unnamed-chunk-8","dev":"png"},"document_id":"4D2D7DB8","chunk_id":"cxktvyzwk7ga7","chunk_label":"unnamed-chunk-8"},{"row":123,"row_count":1,"visible":true,"expansion_state":0,"options":{"engine":"r","label":"unnamed-chunk-9","dev":"png"},"document_id":"4D2D7DB8","chunk_id":"couuok0d5ljh6","chunk_label":"unnamed-chunk-9"},{"row":183,"row_count":1,"visible":true,"expansion_state":0,"options":{"engine":"r","label":"unnamed-chunk-11","dev":"png"},"document_id":"FDE53B4C","chunk_id":"chvqwiw68bc6y","chunk_label":"unnamed-chunk-11"}],"doc_write_time":1713083746,"working_dir":null,"default_chunk_options":{"echo":true}}