"0","bivarie <- function(data, var1, var_sexe, filiere_filtre = NULL) {"
"0","  if (!is.null(filiere_filtre)) {"
"0","    data <- data[data[[filiere_filtre]] == 1, ]"
"0","  }"
"0","  "
"0","  var1_type <- class(data[[var1]])"
"0","  var2_type <- class(data[[var_sexe]])"
"0","  "
"0","  if (var1_type %in% c(""factor"", ""character"") && var2_type %in% c(""factor"", ""character"")) {"
"0","    freq_table <- table(data[[var1]], data[[var_sexe]])"
"0","    print(freq_table)"
"0","    "
"0","    chi2_test <- chisq.test(freq_table)"
"0","    print(chi2_test)"
"0","    "
"0","    nb_modalites <- length(levels(factor(data[[var1]])))"
"0","    barplot(freq_table, beside = TRUE, legend = TRUE, main = paste(""Diagramme de"", var1, ""par"", var_sexe), xlab = ""sexe"", ylab = ""nombre femme/homme"", col = rainbow(nb_modalites))"
"0","    # Ajouter les étiquettes des modalités"
"0","    text(1:length(freq_table), freq_table, labels = paste0(freq_table), pos = 3, cex = 0.8)"
"0","  } else if (var1_type %in% c(""numeric"") && var2_type %in% c(""numeric"")) {"
"0","    correlation <- cor(data[[var1]], data[[var_sexe]])"
"0","    print(paste(""Corrélation entre"", var1, ""et"", var_sexe, "":"", correlation))"
"0","    "
"0","    plot(data[[var1]], data[[var_sexe]], main = paste(""Graphique de dispersion de"", var1, ""et"", var_sexe), xlab = var1, ylab = var_sexe)"
"0","  } else if ((var1_type %in% c(""numeric"") && var2_type %in% c(""factor"", ""character"")) || "
"0","             (var1_type %in% c(""factor"", ""character"") && var2_type %in% c(""numeric""))) {"
"0","    if (var1_type %in% c(""numeric"") && var2_type %in% c(""factor"", ""character"")) {"
"0","      quantitative <- var1"
"0","      qualitative <- var_sexe"
"0","    } else {"
"0","      quantitative <- var_sexe"
"0","      qualitative <- var1"
"0","    }"
"0","    "
"0","    cat(""Statistiques descriptives pour"", quantitative, "":\n"")"
"0","    print(summary(data[[quantitative]]))"
"0","    "
"0","    # Afficher les barplots avec les étiquettes des modalités"
"0","    table_stats <- table(data[[qualitative]])"
"0","    barplot(table_stats, ...)"
"0","    text(1:length(table_stats), table_stats, labels = paste0(table_stats), pos = 3, cex = 0.8)"
"0","    "
"0","    boxplot(data[[quantitative]] ~ data[[qualitative]], data = data, main = paste(""Boxplot de"", quantitative, ""par"", qualitative), xlab = qualitative, ylab = quantitative)"
"0","  } "
"0","}"
