"0","univarie_1 <- function(x){"
"0","  if(is.character(x) == TRUE){"
"0","    "
"0","    x <- factor(x) # conversion en factor "
"0","    "
"0","    barplot(table(x), xlab = x, col = ""lightblue"")"
"0","    "
"0","    flextable::as_flextable(table(x)) # tableau des effectifs"
"0","     #      diagramme à barres"
"0","    return(table(x))"
"0","  "
"0","  }else{"
"0","    "
"0","    boxplot(x, col = ""lightblue"") # sortir le boxplot afin"
"0","    "
"0","    #d'identifier les valeurs manquantes"
"0","    "
"0","    return(summary(x))# sortir les satatistiques descriptives"
"0","    "
"0","  }"
"0","}"
