{"chunk_definitions":[{"row":34,"row_count":1,"visible":true,"expansion_state":0,"options":{"engine":"r","label":"setup","include":false,"dev":"png"},"document_id":"86E156B7","chunk_id":"csetup_chunk","chunk_label":"setup"},{"row":53,"row_count":1,"visible":true,"expansion_state":0,"options":{"engine":"r","message":false,"warning":false,"label":"unnamed-chunk-21","dev":"png"},"document_id":"86E156B7","chunk_id":"c3990rwpfj81q","chunk_label":"unnamed-chunk-1"},{"row":236,"row_count":1,"visible":true,"expansion_state":0,"options":{"engine":"r","label":"unnamed-chunk-22","dev":"png"},"document_id":"86E156B7","chunk_id":"c7grri3t9cmrd","chunk_label":"unnamed-chunk-15"},{"row":244,"row_count":1,"visible":true,"expansion_state":0,"options":{"engine":"r","label":"unnamed-chunk-23","dev":"png"},"document_id":"86E156B7","chunk_id":"cyn0516cwy867","chunk_label":"unnamed-chunk-16"},{"row":251,"row_count":1,"visible":true,"expansion_state":0,"options":{"engine":"r","label":"unnamed-chunk-24","dev":"png"},"document_id":"86E156B7","chunk_id":"c7mwvr7ok1xar","chunk_label":"unnamed-chunk-17"},{"row":256,"row_count":1,"visible":true,"expansion_state":0,"options":{"engine":"r","label":"unnamed-chunk-25","dev":"png"},"document_id":"86E156B7","chunk_id":"cwldb31z9qw09","chunk_label":"unnamed-chunk-18"},{"row":287,"row_count":1,"visible":true,"expansion_state":0,"options":{"engine":"r","label":"unnamed-chunk-26","dev":"png"},"document_id":"86E156B7","chunk_id":"cxnfqvg7xzygp","chunk_label":"unnamed-chunk-19"},{"row":298,"row_count":1,"visible":true,"expansion_state":0,"options":{"engine":"r","label":"unnamed-chunk-27","dev":"png"},"document_id":"86E156B7","chunk_id":"c58yhgk5pcqmt","chunk_label":"unnamed-chunk-20"},{"row":308,"row_count":1,"visible":true,"expansion_state":0,"options":{"engine":"r","label":"unnamed-chunk-28","dev":"png"},"document_id":"86E156B7","chunk_id":"csz5yj0wb3xbr","chunk_label":"unnamed-chunk-21"},{"row":317,"row_count":1,"visible":true,"expansion_state":0,"options":{"engine":"r","label":"unnamed-chunk-29","dev":"png"},"document_id":"86E156B7","chunk_id":"cfs5tqm7lll27","chunk_label":"unnamed-chunk-22"}],"doc_write_time":1712510004,"working_dir":null,"default_chunk_options":{"echo":true,"message":false,"warning":false}}