"0","univarie <- function(data, filiere_filtre = NULL, variable, graphique, ...) { "
"0","  # Filtrage des données si spécifié"
"0","  if (!is.null(filiere_filtre)) {"
"0","    data <- data[data[[filiere_filtre]] == 1, ]"
"0","  }"
"0","  "
"0","  if(is.numeric(data[[variable]])) {"
"0","    # Résumé des statistiques"
"0","    summary_stats <- summary(data[[variable]])"
"0","    "
"0","    # Vérifier que le type de graphique spécifié est valide pour les variables quantitatives"
"0","    if (!(graphique %in% c(""histogram"", ""boxplot"", ""violin"", ""scatter"", ""curve""))) {"
"0","      stop(""Type de graphique non valide pour une variable quantitative. Veuillez spécifier 'histogram', 'boxplot', 'violin', 'scatter' ou 'curve'."")"
"0","    }"
"0","    "
"0","    # Créer le graphique en fonction du type spécifié"
"0","    var <- data[[variable]]"
"0","    if (graphique == ""histogram"") {"
"0","      hist(var, ...)"
"0","    } else if (graphique == ""boxplot"") {"
"0","      boxplot(var, ...)"
"0","    } else if (graphique == ""violin"") {"
"0","      vioplot(var, ...)"
"0","    } else if (graphique == ""scatter"") {"
"0","      plot(var, ...)"
"0","    } else if (graphique == ""curve"") {"
"0","      curve(var, ...)"
"0","    }"
"0","    "
"0","    return(list(summary_stats, graphique))"
"0","    "
"0","  } else {"
"0","    # Table de fréquence pour les variables catégorielles"
"0","    table_stats <- table(data[[variable]])"
"0","    "
"0","    # Vérifier que le type de graphique spécifié est valide pour les variables catégorielles"
"0","    if (!(graphique %in% c(""histogram"", ""pie"", ""barplot"", ""stacked_bar"", ""heatmap""))) {"
"0","      stop(""Type de graphique non valide pour une variable qualitative. Veuillez spécifier 'histogram', 'pie', 'barplot', 'stacked_bar' ou 'heatmap'."")"
"0","    }"
"0","    "
"0","    # Créer le graphique en fonction du type spécifié"
"0","    if (graphique == ""histogram"") {"
"0","      barplot(table_stats, ...)"
"0","      # Ajouter les étiquettes des modalités"
"0","      text(1:length(table_stats), table_stats, labels = paste(names(table_stats), "" ("", table_stats, "")"", sep = """"), pos = 3, cex = 0.8)"
"0","    } else if (graphique == ""pie"") {"
"0","      # Calculer les proportions des modalités"
"0","      proportions <- table_stats / sum(table_stats)"
"0","      "
"0","      # Créer le camembert avec les étiquettes de proportions"
"0","      pie(table_stats, labels = paste(names(table_stats), "" ("", round(proportions * 100, 2), ""%)"", sep = """"), ...)"
"0","    } else if (graphique == ""barplot"") {"
"0","      barplot(table_stats, ...)"
"0","      # Ajouter les étiquettes des modalités"
"0","      text(1:length(table_stats), table_stats, labels = paste(names(table_stats), "" ("", table_stats, "")"", sep = """"), pos = 3, cex = 0.8)"
"0","    } else if (graphique == ""stacked_bar"") {"
"0","      barplot(table_stats, ...)"
"0","      # Ajouter les étiquettes des modalités"
"0","      text(1:length(table_stats), table_stats, labels = paste(names(table_stats), "" ("", table_stats, "")"", sep = """"), pos = 3, cex = 0.8)"
"0","    } else if (graphique == ""heatmap"") {"
"0","      heatmap(table_stats, ...)"
"0","    }"
"0","    "
"0","    return(list(table_stats, graphique))"
"0","  }"
"0","}"
