{"working_dir":null,"default_chunk_options":{"echo":true,"message":false,"warning":false},"chunk_definitions":[{"row":54,"row_count":1,"visible":true,"expansion_state":0,"options":{"engine":"r","label":"setup","include":false,"dev":"png"},"document_id":"95830429","chunk_id":"csetup_chunk","chunk_label":"setup"},{"row":646,"row_count":1,"visible":true,"expansion_state":0,"options":{"engine":"r","label":"unnamed-chunk-30","dev":"png"},"document_id":"95830429","chunk_id":"cwmh0rnwumyxb","chunk_label":"unnamed-chunk-35"},{"row":660,"row_count":1,"visible":true,"expansion_state":0,"options":{"engine":"r","label":"unnamed-chunk-31","dev":"png"},"document_id":"95830429","chunk_id":"cum14p3wli5s3","chunk_label":"unnamed-chunk-36"}],"doc_write_time":1712510020,"chunk_rendered_width":556}