{"chunk_definitions":[{"row":9,"row_count":1,"visible":true,"expansion_state":0,"options":{"engine":"r","label":"setup","include":false,"dev":"png"},"document_id":"02B41AE9","chunk_id":"csetup_chunk","chunk_label":"setup"},{"row":23,"row_count":1,"visible":true,"expansion_state":0,"options":{"engine":"r","label":"unnamed-chunk-3","dev":"png"},"document_id":"C751F305","chunk_id":"c7o9jjo51vy27","chunk_label":"unnamed-chunk-2"},{"row":50,"row_count":1,"visible":true,"expansion_state":0,"options":{"engine":"r","label":"unnamed-chunk-6","dev":"png"},"document_id":"02B41AE9","chunk_id":"ci4obmx21dhkf","chunk_label":"unnamed-chunk-5"},{"row":64,"row_count":1,"visible":true,"expansion_state":0,"options":{"engine":"r","label":"unnamed-chunk-8","dev":"png"},"document_id":"02B41AE9","chunk_id":"c6uis2bgdo13t","chunk_label":"unnamed-chunk-7"},{"row":75,"row_count":1,"visible":true,"expansion_state":0,"options":{"engine":"r","label":"unnamed-chunk-10","dev":"png"},"document_id":"02B41AE9","chunk_id":"c9s2vueaia88q","chunk_label":"unnamed-chunk-9"},{"row":95,"row_count":1,"visible":true,"expansion_state":0,"options":{"engine":"r","label":"unnamed-chunk-13","dev":"png"},"document_id":"C751F305","chunk_id":"clo4brngwgra7","chunk_label":"unnamed-chunk-12"},{"row":114,"row_count":1,"visible":true,"expansion_state":0,"options":{"engine":"r","label":"unnamed-chunk-15","dev":"png"},"document_id":"8AF9CB98","chunk_id":"cb9n9835vn7xc","chunk_label":"unnamed-chunk-14"},{"row":242,"row_count":1,"visible":true,"expansion_state":0,"options":{"engine":"r","label":"unnamed-chunk-24","dev":"png"},"document_id":"C751F305","chunk_id":"cejtedjpw3r11","chunk_label":"unnamed-chunk-22"},{"row":319,"row_count":1,"visible":true,"expansion_state":0,"options":{"engine":"r","label":"unnamed-chunk-37","dev":"png"},"document_id":"C751F305","chunk_id":"cin8d3kkye2h0","chunk_label":"unnamed-chunk-27"}],"doc_write_time":1712523016}