{"working_dir":null,"default_chunk_options":{"echo":true},"chunk_definitions":[{"row":9,"row_count":1,"visible":true,"expansion_state":0,"options":{"engine":"r","label":"setup","include":false,"dev":"png"},"document_id":"179D8D88","chunk_id":"csetup_chunk","chunk_label":"setup"},{"row":142,"row_count":1,"visible":true,"expansion_state":0,"options":{"engine":"r","label":"unnamed-chunk-41","dev":"png"},"document_id":"179D8D88","chunk_id":"ch9y0ukm19x8w","chunk_label":"unnamed-chunk-3"}],"doc_write_time":1712450495}