{"chunk_definitions":[{"row":9,"row_count":1,"visible":true,"expansion_state":0,"options":{"engine":"r","label":"setup","include":false,"dev":"png"},"document_id":"02B41AE9","chunk_id":"csetup_chunk","chunk_label":"setup"},{"row":26,"row_count":1,"visible":true,"expansion_state":0,"options":{"engine":"r","label":"unnamed-chunk-3","dev":"png"},"document_id":"02B41AE9","chunk_id":"cnk4j680l2q6d","chunk_label":"unnamed-chunk-3"},{"row":36,"row_count":1,"visible":true,"expansion_state":0,"options":{"engine":"r","label":"unnamed-chunk-4","dev":"png"},"document_id":"02B41AE9","chunk_id":"c2544jgvpn7o0","chunk_label":"unnamed-chunk-4"},{"row":43,"row_count":1,"visible":true,"expansion_state":0,"options":{"engine":"r","label":"unnamed-chunk-5","dev":"png"},"document_id":"02B41AE9","chunk_id":"ci4obmx21dhkf","chunk_label":"unnamed-chunk-5"},{"row":48,"row_count":1,"visible":true,"expansion_state":0,"options":{"engine":"r","label":"unnamed-chunk-6","dev":"png"},"document_id":"02B41AE9","chunk_id":"cbct0210swgci","chunk_label":"unnamed-chunk-6"},{"row":53,"row_count":1,"visible":true,"expansion_state":0,"options":{"engine":"r","label":"unnamed-chunk-12","dev":"png"},"document_id":"02B41AE9","chunk_id":"c6uis2bgdo13t","chunk_label":"unnamed-chunk-7"},{"row":62,"row_count":1,"visible":true,"expansion_state":0,"options":{"engine":"r","label":"unnamed-chunk-17","dev":"png"},"document_id":"02B41AE9","chunk_id":"c9s2vueaia88q","chunk_label":"unnamed-chunk-9"},{"row":91,"row_count":1,"visible":true,"expansion_state":0,"options":{"engine":"r","label":"unnamed-chunk-18","dev":"png"},"document_id":"8AF9CB98","chunk_id":"cb9n9835vn7xc","chunk_label":"unnamed-chunk-14"}],"doc_write_time":1712520504}